id_categorie,id_produit
1,1
2,2
3,3
4,4
5,5
6,6
7,7
8,8
9,9
10,10
11,11
12,12
13,13
14,14
15,15
16,16
17,17
18,18
19,19
21,315
22,287
29,272
30,396
23,300
26,293
27,315
30,220
29,210
21,376
23,244
23,309
23,326
22,323
29,286
28,318
24,214
30,357
25,345
26,331
22,334
29,320
29,377
30,221
21,306
22,354
21,301
23,224
29,298
21,377
20,203
24,359
21,321
23,297
22,296
28,243
21,213
28,371
29,212
23,273
23,288
24,255
29,326
24,270
23,236
26,250
23,202
21,363
29,257
21,362
22,281
28,287
26,210
26,261
21,355
25,272
25,305
26,384
28,222
21,391
22,353
24,352
28,400
27,211
23,329
28,372
22,349
27,266
28,205
30,393
26,345
26,282
29,262
29,398
22,263
28,331
30,275
30,271
25,246
23,322
28,397
23,254
28,247
23,205
28,282
28,324
21,270
29,309
21,304
24,280
29,390
29,395
28,252
21,215
22,366
30,309
28,340
27,395
28,266
30,378
26,253
23,395
26,243
24,266
22,290
27,400
28,357
23,272
25,382
21,396
25,270
26,236
22,207
20,311
20,200
27,357
20,364
21,378
22,250
26,385
24,228
25,383
30,332
23,220
30,339
22,301
23,291
22,383
22,325
30,296
25,294
22,278
28,366
26,268
21,380
22,217
30,214
25,317
23,237
26,387
26,245
27,318
27,237
29,213
30,315
25,312
25,379
24,267
22,303
24,212
20,377
23,307
26,306
24,315
21,324
30,272
29,206
20,349
20,248
28,218
25,274
26,298
30,292
23,394
30,215
30,278
29,287
20,394
22,332
20,300
28,382
23,365
30,274
29,340
28,269
27,328
23,376
24,238
26,238
20,202
23,367
20,315
24,340
21,255
26,341
27,329
20,360
25,373
20,308
21,260
22,395
20,278
25,206
28,229
24,306
21,365
23,368
27,354
22,338
24,260
20,396
26,246
24,318
26,392
29,228
22,336
29,381
20,326
26,281
29,285
22,385
23,269
22,257
27,296
27,389
25,347
29,292
27,214
23,380
22,284
29,333
28,355
27,304
23,313
25,214
27,241
29,385
26,216
29,232
27,366
21,374
21,299
23,323
23,345
29,233
28,214
28,304
21,302
21,390
20,391
25,391
24,226
26,229
30,344
24,304
29,265
20,365
23,317
26,335
22,277
22,359
27,242
27,236
30,206
24,285
28,208
24,312
23,234
23,306
20,332
23,200
28,306
24,272
21,278
29,321
30,263
22,247
22,228
21,341
21,221
21,274
21,273
25,387
29,225
29,307
27,394
30,241
28,245
20,301
28,276
20,265
27,398
20,281
22,230
24,364
27,377
29,339
27,378
27,218
28,250
26,280
22,317
27,321
28,354
21,252
21,218
20,351
29,229
20,335
28,209
22,391
21,395
21,243
26,214
20,232
25,255
24,308
25,348
24,284
25,351
23,316
24,327
26,356
27,359
20,220
28,270
25,232
23,361
23,343
25,249
24,336
27,254
20,317
30,202
23,315
24,380
27,397
26,249
26,235
28,376
22,238
30,318
27,339
24,295
29,344
25,344
25,315
25,216
28,203
22,306
21,342
25,340
25,346
24,333
28,272
30,299
20,344
24,379
20,350
25,313
27,215
26,367
30,399
28,253
20,310
25,378
23,370
21,286
22,273
21,242
27,258
26,374
29,357
24,319
28,225
30,244
30,257
29,275
23,279
28,330
23,215
24,357
29,370
22,375
25,240
24,365
24,274
28,379
20,395
21,319
30,388
24,279
20,361
25,215
29,300
30,325
20,381
26,314
22,272
21,318
27,283
22,324
30,232
23,280
20,218
29,310
20,287
30,265
29,387
28,398
29,304
29,240
20,209
23,335
30,371
25,280
25,298
23,284
27,243
28,231
21,345
28,311
30,372
25,220
24,204
30,376
23,374
30,335
26,393
22,243
26,336
28,377
24,234
30,205
27,272
30,283
21,292
30,330
27,277
27,226
28,233
25,307
26,296
22,346
22,300
26,354
28,281
22,223
20,244
27,245
26,328
27,249
22,370
23,263
30,291
21,358
25,330
34,478
31,495
35,461
32,430
32,498
32,463
35,406
31,430
31,454
34,499
32,423
32,470
31,449
33,430
32,427
35,436
32,437
33,427
33,496
35,466
31,491
35,401
33,456
31,425
34,409
35,449
35,446
34,468
35,402
35,442
32,434
31,419
34,437
31,420
31,463
35,500
35,413
35,460
34,485
32,447
34,408
34,413
32,438
35,424
32,445
32,440
33,403
32,450
32,493
33,429
32,459
34,488
35,434
31,459
31,471
31,446
33,472
34,455
32,421
33,453
31,445
32,499
34,428
31,478
32,432
33,439
35,450
35,432
35,409
31,494
34,441
35,496
31,487
32,468
31,440
34,456
34,491
31,467
35,482
34,406
33,470
32,420
34,474
34,477
31,433
32,403
31,452
33,437
35,451
34,418
34,425
34,481
32,487
32,407
31,429
31,457
32,416
34,415
32,431
32,425
32,412
35,422
31,497
31,439
31,462
35,455
34,435
33,435
32,491
35,418
31,473
35,474
35,459
34,427
34,446
31,423
35,471
32,405
31,441
33,425
35,431
32,481
31,416
34,463
31,481
35,495
31,409
33,441
35,481
34,465
33,401
34,405
34,451
31,417
33,432
31,403
33,412
32,461
33,462
34,410
31,480
35,489
33,410
32,492
32,410
32,488
35,465
34,424
35,473
35,423
31,422
32,486
35,475
32,442
31,442
31,474
32,451
35,429
33,469
34,407
31,408
32,478
33,468
31,406
34,421
32,485
33,421
34,454
33,451
35,472
31,490
35,441
33,460
35,447
31,477
33,409
34,467
34,431
35,439
33,477
34,429
35,456
34,500
35,440
32,413
32,476
34,417
35,477
32,496
34,496
35,458
33,467
33,452
35,419
34,442
34,448
32,480
33,459
34,419
33,447
31,415
32,462
34,402
35,405
34,423
35,430
34,438
35,420
32,455
32,465
32,460
32,436
35,498
32,475
32,469
34,432
32,466
34,420
32,494
31,421
31,418
31,466
31,405
32,484
32,489
33,489
34,443
31,486
31,424
33,476
34,494
32,500
32,404
32,424
35,490
34,492
34,489
33,446
31,453
33,495
34,458
33,445
32,401
35,487
34,434
35,492
31,500
31,456
31,488
32,429
33,428
34,490
31,427
32,452
35,410
32,457
35,468
31,489
34,445
33,490
33,408
33,498
32,456
35,414
35,478
32,482
35,411
32,479
33,426
32,444
34,426
35,467
32,402
35,462
31,499
33,464
31,428
35,445
34,486
35,493
32,472
34,482
35,470
33,448
32,441
34,433
34,493
33,461
33,465
33,478
35,480
33,440
34,453
32,435
31,431
33,485
35,479
33,454
33,491
34,473
33,482
33,443
33,488
32,467
33,475
33,499
31,461
32,477
32,473
33,407
32,426
34,469
35,417
33,413
34,484
35,415
33,414
33,431
38,593
40,596
38,659
38,693
36,602
36,560
38,531
37,685
37,649
36,696
38,618
37,504
40,616
36,692
39,602
40,676
36,619
37,647
39,652
39,649
37,640
39,624
37,512
38,598
39,668
37,538
39,601
39,587
37,652
37,596
36,613
40,690
39,698
38,668
40,510
39,523
40,677
36,617
37,529
37,695
37,592
40,516
39,654
37,654
38,547
40,584
36,587
38,697
36,535
39,679
38,610
39,589
40,619
36,513
37,607
39,574
36,536
40,605
36,603
40,656
39,682
38,639
36,586
36,695
37,583
39,659
40,550
40,686
37,657
36,648
36,676
38,578
40,505
37,586
39,693
38,572
39,547
37,618
39,535
36,636
39,580
39,635
37,520
40,570
38,527
40,679
36,599
38,505
38,698
40,535
37,595
36,561
37,631
38,589
38,521
36,520
39,581
40,688
37,525
38,542
36,658
36,550
39,645
40,603
38,670
36,552
38,519
40,684
36,632
36,500
39,556
38,671
38,581
40,622
38,653
40,575
38,605
39,661
37,561
36,657
36,666
36,532
38,684
36,677
39,609
39,623
37,534
38,672
40,556
36,528
38,536
37,684
36,625
37,606
38,648
40,672
38,513
39,546
38,558
40,517
36,567
40,508
37,692
37,523
37,566
38,690
39,561
37,604
37,624
37,521
36,555
38,577
39,633
40,532
38,628
36,614
38,612
36,530
39,559
36,573
40,545
38,538
39,660
40,663
38,599
40,621
37,527
40,675
38,652
38,559
38,522
39,500
38,553
36,508
40,552
39,582
37,658
37,549
36,669
37,644
39,512
37,558
38,575
36,645
38,691
37,650
37,507
38,615
38,620
36,656
40,571
40,611
40,560
37,627
39,536
36,597
40,559
36,618
38,638
37,535
37,641
36,627
39,674
40,634
37,597
38,621
37,651
37,678
36,588
36,548
38,633
39,565
37,699
40,506
39,664
37,661
36,509
39,575
40,623
39,657
36,522
37,688
37,518
36,570
36,559
37,602
38,601
39,543
39,667
36,661
37,526
40,667
36,544
36,649
37,679
38,679
39,666
39,648
36,533
36,563
40,547
36,541
39,516
40,627
39,641
36,630
36,538
39,672
39,697
37,530
36,641
36,643
38,695
40,612
39,603
36,521
36,681
38,516
36,585
39,616
36,600
37,500
40,637
36,678
36,623
39,678
36,575
37,605
36,545
40,526
39,687
38,503
38,686
38,554
40,540
37,591
39,520
40,528
37,665
38,656
39,655
39,694
40,589
38,627
37,646
36,609
36,549
39,629
40,597
40,693
38,508
39,651
38,657
39,577
37,544
36,633
39,615
39,529
38,600
37,555
36,690
36,685
39,573
39,692
38,680
38,623
37,505
40,697
37,697
37,579
38,502
38,579
39,643
37,514
39,627
38,647
36,511
40,642
39,563
40,600
39,562
37,600
36,580
38,696
37,587
37,510
39,605
37,626
37,630
38,592
36,626
37,508
40,604
39,596
40,614
37,664
39,619
40,553
36,684
40,533
40,698
38,515
38,645
39,699
36,693
40,599
39,509
38,604
36,675
36,686
36,501
37,608
37,562
36,583
37,623
40,504
37,564
36,516
40,692
37,533
40,646
40,620
40,519
36,687
40,660
38,667
38,588
40,530
40,502
36,553
38,662
37,634
40,544
40,644
38,512
40,650
40,549
40,687
36,621
37,543
37,532
38,550
36,670
37,615
38,587
39,686
40,625
38,580
39,610
38,571
47,881
42,707
45,877
47,872
46,749
49,714
44,738
50,883
50,719
41,717
50,877
47,827
50,753
42,898
47,867
50,709
44,761
44,778
46,858
42,817
48,743
44,821
50,738
48,780
49,849
42,879
49,871
42,716
50,886
50,775
48,833
42,785
46,800
49,793
49,847
48,822
43,805
41,875
44,896
49,829
47,768
49,838
42,744
42,799
44,728
41,819
45,787
42,829
49,887
47,885
47,773
49,806
41,737
47,801
50,801
50,824
41,797
49,817
43,766
42,795
41,768
48,735
49,705
46,744
44,790
43,883
43,784
46,739
50,733
48,843
45,829
42,773
49,813
47,883
44,877
45,889
42,810
49,840
50,856
46,889
49,888
49,707
46,870
44,892
43,763
46,838
47,787
50,897
41,887
46,823
48,775
46,879
41,872
46,786
49,752
41,820
44,800
41,733
48,889
50,777
44,835
49,786
43,853
46,712
50,766
41,823
47,794
42,848
45,830
41,833
47,893
42,828
46,731
48,784
50,876
46,801
47,866
43,798
46,750
47,853
44,720
48,752
45,704
49,881
43,869
41,850
46,747
49,894
49,738
50,785
43,849
48,770
47,752
50,718
50,735
49,801
44,868
43,715
44,718
43,786
46,861
46,791
44,799
48,877
41,868
43,738
41,814
48,742
41,844
45,707
42,825
42,759
46,860
43,725
45,773
44,711
45,756
44,859
49,889
47,780
41,760
43,726
49,873
50,833
48,835
44,891
47,797
41,854
45,809
46,798
49,868
50,867
44,864
45,785
43,788
47,802
42,833
43,724
42,865
45,713
43,842
47,840
50,725
41,828
43,815
46,837
48,746
49,832
49,711
47,739
41,883
49,863
42,777
41,896
46,846
48,787
48,862
42,884
49,862
42,811
43,809
45,701
41,856
50,851
44,823
43,855
44,807
43,868
41,892
41,736
41,731
41,871
44,765
49,772
43,744
49,791
45,720
49,755
46,726
49,804
48,750
44,779
47,778
45,873
47,860
47,777
45,762
46,888
45,804
50,796
42,840
45,740
46,733
41,834
42,743
45,835
42,771
49,799
50,835
50,879
44,705
50,747
48,766
47,891
48,790
44,766
46,806
41,837
41,771
42,729
48,741
50,779
50,878
46,756
50,870
50,817
46,769
44,791
46,772
46,890
44,737
49,846
45,786
42,765
42,852
44,793
42,748
43,732
50,859
42,780
44,855
48,839
43,820
47,769
45,790
43,828
49,732
46,824
46,727
44,813
43,833
47,784
50,807
47,767
44,805
45,757
50,850
45,872
43,731
49,748
42,816
44,848
47,710
45,820
46,720
47,896
42,772
46,828
50,713
50,771
49,834
44,824
46,867
46,881
46,714
46,796
45,849
50,790
42,779
50,823
46,836
41,759
44,707
46,877
43,704
48,765
44,860
41,830
50,809
43,709
46,898
42,712
45,811
44,866
41,891
49,790
42,781
47,812
49,720
43,747
48,837
45,865
47,848
46,849
50,808
48,797
42,727
47,870
45,826
46,816
44,732
42,742
45,848
42,843
42,740
43,858
47,826
42,719
45,724
50,826
50,880
48,803
46,703
50,869
44,839
44,734
48,884
46,723
44,841
49,739
47,805
46,821
41,895
46,869
44,834
43,834
44,862
44,880
46,728
47,804
42,789
49,770
48,847
47,740
44,816
44,770
45,708
48,892
45,870
50,787
41,723
45,871
43,713
42,778
50,821
47,807
42,842
41,763
47,751
41,849
44,742
44,833
43,734
45,808
50,776
48,700
41,788
41,728
46,774
41,817
45,719
48,858
45,867
46,899
45,751
43,777
44,846
50,837
45,842
41,773
44,820
46,736
48,845
46,702
46,878
44,826
41,893
43,879
45,736
41,860
41,863
42,797
49,883
47,745
49,751
41,798
45,759
45,766
46,811
42,837
44,733
47,779
46,854
42,878
44,803
49,852
44,792
41,765
47,850
41,799
67,900
64,901
51,902
57,903
57,904
56,905
71,906
70,907
69,908
59,909
65,910
59,911
53,912
66,913
64,914
53,915
63,916
70,917
61,918
68,919
63,920
55,921
62,922
51,923
58,924
56,925
57,926
55,927
60,928
55,929
69,930
55,931
51,932
55,933
65,934
56,935
67,936
67,937
61,938
68,939
68,940
56,941
62,942
63,943
57,944
54,945
55,946
56,947
65,948
62,949
61,950
67,951
60,952
65,953
70,954
71,955
55,956
69,957
61,958
52,959
62,960
61,961
64,962
56,963
58,964
66,965
59,966
51,967
59,968
71,969
66,970
61,971
58,972
70,973
60,974
57,975
60,976
64,977
55,978
58,979
71,980
63,981
60,982
59,983
57,984
68,985
62,986
62,987
66,988
60,989
51,990
61,991
54,992
53,993
60,994
63,995
62,996
66,997
62,998
64,999
60,1000
64,1001
62,1002
58,1003
63,1004
63,1005
60,1006
56,1007
60,1008
65,1009
69,1010
63,1011
55,1012
58,1013
65,1014
53,1015
63,1016
52,1017
61,1018
64,1019
55,1020
68,1021
68,1022
61,1023
70,1024
68,1025
71,1026
65,1027
53,1028
71,1029
68,1030
58,1031
63,1032
71,1033
60,1034
57,1035
63,1036
57,1037
69,1038
65,1039
53,1040
64,1041
64,1042
70,1043
58,1044
59,1045
59,1046
63,1047
51,1048
60,1049
52,1050
53,1051
52,1052
62,1053
60,1054
54,1055
54,1056
58,1057
64,1058
52,1059
71,1060
54,1061
69,1062
62,1063
66,1064
60,1065
55,1066
56,1067
53,1068
71,1069
70,1070
57,1071
57,1072
70,1073
70,1074
57,1075
69,1076
54,1077
55,1078
61,1079
67,1080
57,1081
65,1082
64,1083
69,1084
59,1085
67,1086
70,1087
69,1088
64,1089
64,1090
64,1091
59,1092
61,1093
55,1094
64,1095
53,1096
60,1097
57,1098
65,1099
68,1089
70,923
57,983
71,972
62,939
51,993
70,914
62,967
64,1025
69,934
61,1095
57,1031
66,999
66,1088
56,993
53,1060
58,1004
60,1061
78,1172
77,1236
78,1121
72,1179
74,1102
78,1160
78,1240
77,1159
76,1108
72,1124
74,1238
72,1174
72,1216
73,1123
79,1141
77,1232
76,1124
79,1234
78,1247
74,1149
77,1137
78,1146
76,1204
74,1207
78,1225
77,1101
79,1125
73,1198
77,1166
72,1210
76,1143
75,1179
79,1222
76,1199
77,1118
72,1125
76,1165
74,1107
77,1143
73,1207
73,1218
75,1166
77,1148
77,1212
72,1129
78,1128
78,1224
76,1222
73,1126
72,1184
73,1236
72,1131
78,1185
79,1138
77,1106
73,1160
77,1172
72,1147
76,1109
78,1139
77,1110
78,1216
75,1157
72,1196
74,1128
75,1202
75,1104
76,1213
78,1169
72,1235
74,1165
76,1142
77,1215
73,1246
76,1169
77,1210
76,1234
77,1187
72,1123
72,1148
78,1207
78,1155
78,1189
75,1218
78,1229
72,1234
76,1144
79,1163
73,1107
78,1100
77,1188
78,1174
75,1142
79,1164
75,1100
74,1109
78,1140
77,1204
73,1229
72,1128
79,1205
74,1147
72,1182
76,1168
74,1217
73,1189
79,1198
74,1223
74,1106
75,1222
75,1207
72,1153
72,1108
72,1137
79,1209
78,1235
73,1143
75,1239
74,1104
75,1190
76,1180
72,1231
79,1128
76,1188
78,1127
74,1180
72,1194
76,1231
73,1202
75,1101
78,1215
79,1146
76,1100
79,1111
79,1217
73,1119
73,1113
77,1155
76,1156
74,1129
79,1239
74,1205
73,1129
74,1151
72,1136
77,1128
75,1238
76,1159
79,1152
73,1133
73,1225
72,1248
73,1135
79,1105
73,1109
74,1125
73,1161
73,1149
77,1164
79,1131
78,1130
74,1122
73,1163
77,1216
74,1168
77,1179
77,1131
73,1177
73,1100
75,1234
77,1176
74,1181
74,1110
72,1120
79,1180
73,1176
76,1101
72,1226
74,1157
79,1182
75,1132
74,1140
79,1161
74,1243
77,1146
72,1111
79,1244
73,1116
73,1164
74,1231
74,1193
76,1187
75,1211
77,1144
77,1100
72,1163
76,1197
75,1232
78,1148
79,1186
77,1205
78,1242
79,1196
75,1246
78,1152
74,1239
77,1136
78,1222
76,1230
74,1145
76,1105
75,1156
76,1240
74,1111
79,1210
78,1118
74,1159
77,1116
75,1140
73,1101
76,1242
77,1195
78,1241
78,1103
74,1225
77,1115
75,1201
78,1192
77,1167
77,1206
73,1217
76,1207
74,1221
72,1233
79,1220
74,1171
77,1246
72,1209
77,1225
78,1195
72,1107
79,1102
77,1126
76,1119
72,1192
78,1157
72,1201
77,1142
79,1193
73,1172
73,1153
77,1141
79,1167
74,1202
78,1197
73,1166
76,1189
75,1163
75,1102
74,1126
77,1104
75,1127
76,1154
74,1228
75,1249
74,1218
76,1182
75,1108
72,1139
74,1229
73,1228
73,1233
73,1137
74,1158
78,1186
75,1107
72,1100
76,1190
75,1106
79,1218
73,1211
76,1219
74,1163
79,1140
77,1124
77,1240
79,1101
77,1189
73,1156
73,1219
74,1241
76,1179
74,1137
73,1231
73,1175
75,1168
78,1211
73,1140
74,1191
75,1125
78,1129
75,1126
78,1230
75,1124
74,1192
78,1226
79,1181
74,1199
78,1126
74,1211
79,1135
74,1244
73,1157
72,1140
76,1123
77,1243
72,1177
74,1119
79,1248
79,1206
76,1115
76,1162
73,1200
78,1133
73,1244
73,1162
74,1184
72,1106
79,1229
73,1134
75,1174
77,1103
75,1227
78,1227
76,1181
72,1213
74,1196
73,1241
73,1193
83,1319
84,1269
82,1259
81,1383
84,1377
83,1364
82,1354
84,1396
82,1394
84,1322
84,1270
80,1282
81,1295
84,1265
82,1328
83,1348
83,1292
80,1257
82,1368
81,1320
81,1321
81,1385
83,1387
81,1271
80,1359
81,1274
82,1257
84,1292
84,1369
81,1333
83,1288
84,1275
84,1318
80,1357
81,1336
80,1354
82,1390
80,1382
80,1260
83,1268
83,1359
84,1296
82,1267
82,1263
84,1268
84,1370
82,1393
83,1272
81,1322
82,1361
83,1354
80,1254
84,1346
80,1263
80,1311
81,1291
83,1342
84,1282
81,1394
83,1384
83,1301
81,1297
83,1372
84,1299
80,1330
80,1324
81,1398
84,1302
84,1331
84,1266
82,1333
80,1334
83,1291
82,1369
81,1281
84,1342
80,1316
82,1367
80,1327
82,1397
84,1338
81,1288
84,1355
81,1337
82,1266
81,1317
83,1317
83,1382
81,1257
80,1387
84,1349
80,1273
84,1368
80,1322
81,1251
83,1375
82,1290
80,1258
80,1261
82,1275
82,1314
80,1347
82,1343
83,1265
82,1262
81,1378
82,1304
81,1393
84,1364
81,1331
80,1304
81,1259
83,1290
80,1340
83,1345
83,1327
84,1376
80,1370
81,1286
80,1335
81,1359
81,1335
81,1330
83,1271
82,1387
83,1353
82,1392
81,1285
80,1373
80,1312
82,1384
82,1307
82,1305
82,1309
82,1349
82,1303
82,1386
84,1361
84,1335
81,1269
83,1343
83,1371
81,1384
81,1282
82,1311
84,1291
81,1270
84,1277
80,1349
81,1287
84,1343
81,1260
81,1284
82,1329
81,1367
81,1289
80,1255
82,1295
84,1259
80,1332
84,1379
83,1273
84,1365
82,1256
82,1258
84,1262
82,1372
80,1351
80,1395
83,1351
80,1375
81,1390
83,1365
84,1250
84,1251
82,1279
82,1341
81,1387
80,1388
81,1301
82,1399
83,1331
83,1393
84,1389
80,1296
83,1255
81,1343
80,1380
81,1310
83,1276
83,1368
81,1296
81,1303
82,1317
82,1312
83,1376
82,1273
80,1325
83,1314
80,1286
81,1346
80,1251
83,1360
82,1250
82,1395
84,1341
81,1348
82,1382
81,1391
83,1250
84,1312
84,1336
83,1263
81,1366
80,1299
80,1318
83,1394
84,1293
83,1350
81,1266
83,1339
82,1310
82,1287
84,1319
83,1347
83,1366
81,1368
84,1321
80,1310
80,1306
83,1369
84,1359
82,1370
84,1274
84,1267
83,1286
81,1356
82,1277
82,1355
84,1324
81,1363
80,1393
81,1345
82,1380
84,1294
84,1334
84,1387
80,1371
81,1370
80,1333
81,1314
84,1393
80,1339
80,1298
82,1291
81,1311
80,1309
81,1329
82,1344
80,1314
84,1327
80,1399
83,1289
80,1356
80,1374
84,1360
83,1386
84,1307
81,1305
81,1293
83,1377
82,1253
84,1253
81,1386
81,1280
84,1284
83,1297
82,1280
82,1251
82,1294
80,1267
82,1320
80,1337
84,1289
81,1253
82,1301
83,1381
84,1362
83,1336
81,1318
80,1363
81,1263
80,1385
80,1271
81,1298
82,1270
83,1344
82,1389
82,1293
83,1332
81,1255
83,1328
80,1323
80,1361
82,1326
82,1334
83,1262
80,1372
83,1299
83,1298
87,1405
85,1447
86,1460
88,1466
87,1497
87,1470
85,1452
85,1498
86,1437
88,1445
89,1467
88,1493
86,1497
86,1486
89,1428
85,1468
86,1465
85,1441
87,1485
86,1499
89,1479
88,1444
86,1408
89,1418
89,1468
86,1452
85,1407
86,1474
86,1490
89,1402
86,1480
85,1448
89,1474
88,1474
86,1493
89,1491
87,1439
89,1453
88,1417
88,1483
86,1470
87,1447
89,1449
89,1425
85,1491
86,1461
88,1402
86,1481
88,1433
88,1489
85,1405
89,1433
87,1473
89,1476
88,1415
85,1428
85,1470
87,1478
85,1418
89,1485
86,1411
85,1497
86,1471
87,1452
89,1404
86,1426
87,1400
86,1436
87,1440
85,1438
89,1461
89,1406
89,1497
86,1495
85,1435
87,1445
86,1457
88,1458
85,1456
88,1469
85,1446
89,1448
87,1442
88,1447
86,1456
89,1407
85,1412
86,1498
86,1427
87,1492
89,1444
88,1413
88,1463
87,1493
86,1406
89,1459
85,1409
88,1420
89,1499
85,1499
87,1482
88,1422
86,1425
86,1462
89,1458
87,1489
89,1465
85,1472
88,1443
87,1429
89,1409
87,1418
87,1435
85,1457
85,1444
87,1457
85,1443
89,1412
85,1404
89,1487
88,1481
88,1486
87,1474
85,1451
87,1443
87,1403
85,1486
89,1495
88,1411
85,1482
86,1444
85,1462
85,1416
86,1454
89,1486
85,1408
86,1463
88,1457
89,1493
86,1468
87,1425
85,1467
87,1444
86,1494
89,1470
88,1446
88,1438
89,1489
87,1488
88,1494
89,1421
88,1418
87,1427
85,1493
88,1464
88,1477
89,1469
89,1457
87,1420
89,1435
88,1435
85,1474
87,1441
89,1482
87,1484
89,1494
87,1456
88,1405
89,1427
88,1412
89,1464
85,1433
87,1467
85,1410
86,1434
87,1436
88,1488
86,1492
85,1403
87,1412
87,1402
87,1458
88,1431
87,1401
89,1432
87,1461
87,1496
88,1425
88,1476
86,1478
87,1432
85,1480
87,1498
88,1465
86,1482
89,1455
89,1420
86,1417
88,1439
86,1435
85,1442
88,1452
88,1400
85,1494
89,1477
85,1436
88,1453
85,1421
87,1480
87,1468
88,1467
88,1495
85,1487
85,1477
89,1452
88,1448
86,1410
87,1428
88,1426
85,1439
88,1430
86,1409
86,1404
86,1476
89,1446
85,1479
87,1433
85,1455
89,1441
88,1456
88,1455
86,1473
89,1480
87,1423
85,1459
89,1445
88,1440
89,1401
85,1463
87,1411
86,1413
89,1496
86,1450
89,1403
85,1490
86,1441
88,1479
88,1471
89,1431
88,1492
85,1485
88,1414
88,1482
89,1475
85,1401
89,1417
85,1465
87,1453
85,1430
86,1419
85,1422
85,1413
89,1405
89,1484
87,1414
87,1477
86,1421
87,1417
87,1415
86,1430
89,1436
87,1413
86,1443
86,1451
87,1483
90,1572
94,1512
91,1531
94,1575
90,1645
90,1615
92,1626
90,1606
92,1531
90,1524
92,1615
91,1527
92,1555
94,1609
94,1628
92,1595
93,1569
93,1573
91,1521
90,1613
94,1576
91,1571
93,1595
93,1611
93,1606
94,1647
93,1599
93,1617
91,1600
92,1611
90,1605
94,1515
92,1617
91,1525
90,1600
94,1578
91,1526
91,1646
91,1557
94,1535
92,1641
91,1558
90,1598
94,1607
90,1522
90,1597
90,1560
93,1607
90,1544
92,1581
91,1514
91,1638
90,1604
91,1625
93,1549
94,1502
91,1598
91,1500
93,1559
92,1584
93,1571
91,1552
93,1517
94,1568
92,1608
93,1623
90,1508
93,1618
93,1520
91,1643
92,1613
94,1544
94,1553
93,1645
93,1580
93,1601
90,1557
90,1532
94,1646
93,1534
91,1584
90,1565
94,1564
90,1564
94,1524
90,1527
91,1508
92,1569
92,1585
92,1504
93,1564
90,1571
90,1538
94,1583
91,1579
93,1561
90,1633
94,1558
92,1524
93,1576
93,1614
90,1589
93,1621
90,1635
90,1580
91,1623
90,1554
94,1517
91,1586
94,1547
91,1563
94,1625
91,1577
90,1510
94,1562
91,1644
92,1633
94,1635
92,1583
91,1580
91,1578
92,1582
94,1561
91,1640
94,1509
93,1637
92,1649
94,1614
90,1523
92,1567
94,1523
93,1568
94,1543
90,1540
94,1525
91,1624
94,1587
93,1620
90,1563
94,1545
92,1548
93,1529
93,1524
90,1596
93,1545
94,1551
90,1542
90,1501
91,1576
94,1529
91,1603
93,1554
91,1517
93,1521
90,1505
93,1575
92,1517
90,1628
92,1543
93,1612
93,1544
92,1539
94,1629
94,1527
91,1538
93,1565
90,1502
94,1599
90,1632
91,1607
93,1642
93,1532
93,1630
91,1648
90,1533
90,1513
93,1531
94,1597
94,1555
93,1633
91,1592
91,1530
92,1597
93,1603
92,1624
92,1537
92,1556
90,1601
94,1574
90,1548
92,1634
91,1633
92,1522
92,1553
92,1541
91,1509
92,1577
93,1535
90,1552
90,1647
93,1543
93,1577
94,1639
93,1558
94,1600
92,1557
93,1636
94,1636
93,1592
92,1519
92,1601
92,1558
90,1543
93,1622
94,1567
92,1561
93,1556
93,1594
92,1587
92,1629
92,1545
92,1570
90,1503
94,1559
91,1551
92,1602
93,1516
94,1643
93,1552
92,1526
90,1638
91,1569
92,1625
93,1560
91,1621
93,1562
91,1532
94,1510
93,1591
90,1608
91,1612
90,1618
93,1629
93,1610
90,1639
91,1560
93,1528
92,1631
91,1599
94,1556
91,1626
94,1572
91,1546
91,1636
91,1645
90,1507
92,1619
92,1503
94,1526
92,1600
90,1593
91,1511
92,1547
94,1566
90,1567
94,1603
91,1639
92,1618
92,1542
90,1591
94,1591
90,1579
93,1509
91,1533
92,1628
91,1523
91,1524
91,1556
90,1634
90,1585
93,1574
94,1503
92,1609
94,1648
90,1587
92,1530
94,1516
92,1518
91,1606
90,1625
92,1645
91,1630
90,1575
91,1618
94,1514
94,1622
92,1513
94,1504
90,1536
94,1633
92,1512
90,1535
90,1569
94,1598
91,1544
92,1563
94,1546
94,1513
93,1542
94,1604
93,1504
93,1555
94,1645
93,1514
94,1501
90,1506
91,1501
94,1540
92,1640
90,1546
99,1822
100,1832
97,1806
100,1653
100,1692
96,1756
95,1841
100,1772
98,1731
103,1789
104,1794
103,1734
101,1701
98,1727
102,1769
95,1838
97,1651
103,1767
95,1737
103,1699
99,1778
96,1764
97,1736
97,1689
96,1706
104,1814
98,1757
99,1681
97,1810
99,1794
98,1739
95,1752
95,1718
96,1768
98,1789
101,1693
104,1849
99,1779
96,1769
104,1720
99,1840
97,1803
103,1834
97,1668
102,1767
102,1664
100,1803
99,1720
95,1729
103,1804
101,1802
95,1741
95,1689
103,1691
98,1685
100,1732
96,1721
104,1676
95,1678
103,1833
103,1763
95,1808
103,1750
101,1679
97,1814
101,1681
104,1763
97,1744
103,1672
95,1827
99,1799
100,1697
101,1760
96,1695
100,1849
98,1666
95,1750
102,1786
100,1710
97,1678
100,1722
96,1752
104,1827
103,1679
100,1680
98,1762
99,1723
95,1654
100,1833
99,1759
102,1781
102,1845
97,1733
95,1710
104,1781
99,1814
104,1821
97,1692
99,1689
104,1729
102,1809
102,1804
97,1683
99,1762
98,1688
99,1655
100,1752
96,1834
95,1695
99,1684
98,1717
101,1731
103,1803
100,1758
95,1803
98,1651
102,1795
98,1729
104,1718
98,1776
103,1728
95,1778
98,1656
97,1653
100,1824
97,1813
102,1793
96,1800
98,1833
97,1791
98,1805
96,1738
104,1702
104,1800
102,1748
97,1745
100,1741
96,1751
101,1798
101,1734
95,1762
97,1688
103,1720
100,1801
96,1651
99,1670
98,1744
101,1716
100,1718
98,1722
104,1784
97,1778
97,1724
101,1751
104,1749
96,1707
104,1725
98,1766
103,1822
96,1693
99,1796
95,1784
101,1825
100,1786
99,1698
97,1847
95,1746
99,1747
97,1664
104,1812
102,1691
104,1758
103,1843
101,1753
98,1847
103,1792
98,1830
99,1725
103,1788
95,1788
99,1784
98,1683
102,1751
104,1754
104,1739
103,1656
104,1687
103,1662
104,1689
96,1655
100,1703
96,1653
104,1726
102,1759
97,1770
103,1821
97,1743
103,1832
99,1807
95,1734
96,1734
104,1695
101,1849
98,1790
104,1746
97,1721
95,1736
103,1814
99,1753
96,1728
99,1666
97,1670
95,1744
103,1684
99,1804
102,1814
100,1756
102,1677
99,1847
103,1781
103,1786
97,1716
96,1676
102,1774
95,1711
100,1751
96,1802
97,1663
100,1789
104,1699
98,1668
103,1710
97,1794
99,1823
101,1715
102,1719
95,1774
99,1746
100,1702
98,1743
101,1668
104,1808
103,1677
104,1797
97,1730
95,1694
104,1693
95,1650
99,1801
104,1707
95,1682
98,1671
98,1702
104,1657
98,1650
95,1823
95,1675
99,1711
103,1733
103,1709
95,1652
95,1651
104,1813
97,1840
96,1813
97,1848
104,1684
100,1687
97,1759
98,1797
102,1673
95,1742
103,1666
104,1734
102,1737
103,1823
102,1811
99,1733
99,1727
101,1796
95,1757
96,1699
103,1764
101,1759
95,1753
102,1661
96,1821
98,1787
104,1682
99,1667
96,1743
100,1686
100,1812
103,1838
98,1794
102,1847
101,1706
97,1698
100,1811
96,1666
95,1831
100,1673
95,1666
104,1795
95,1786
95,1760
102,1762
103,1816
103,1652
97,1837
95,1813
102,1697
99,1826
99,1691
101,1667
100,1798
96,1770
99,1841
102,1667
102,1740
103,1732
97,1767
104,1735
104,1709
95,1807
103,1681
102,1726
96,1846
102,1711
100,1773
98,1741
96,1678
96,1794
97,1725
101,1684
96,1805
98,1704
98,1809
97,1765
95,1692
104,1751
103,1689
104,1681
96,1733
104,1713
103,1676
102,1702
98,1756
101,1674
98,1687
100,1826
104,1701
98,1691
102,1816
97,1751
103,1726
104,1844
97,1673
99,1761
102,1841
99,1650
103,1731
96,1809
103,1794
95,1680
108,1881
108,1875
109,1898
108,1873
106,1868
106,1880
107,1868
109,1860
106,1876
107,1897
109,1856
107,1896
106,1866
105,1874
108,1855
108,1890
105,1873
105,1879
107,1861
106,1895
105,1851
108,1878
105,1891
108,1899
108,1894
109,1877
107,1873
105,1861
109,1865
105,1885
106,1885
109,1891
108,1858
108,1898
106,1889
108,1852
109,1888
106,1857
109,1867
105,1883
105,1850
108,1853
106,1891
106,1853
105,1896
107,1858
109,1851
108,1896
109,1887
106,1864
106,1882
106,1851
108,1880
109,1892
107,1886
105,1886
107,1865
109,1882
105,1864
108,1871
105,1871
108,1860
108,1886
109,1879
109,1858
108,1856
109,1872
109,1861
108,1869
108,1865
109,1897
106,1873
106,1898
106,1888
107,1875
106,1893
108,1887
106,1884
109,1893
108,1861
109,1899
109,1868
106,1871
105,1859
107,1863
105,1875
107,1856
106,1875
107,1879
107,1899
106,1856
107,1853
106,1879
107,1891
106,1859
106,1872
105,1884
106,1890
105,1870
106,1870
106,1863
107,1852
107,1898
105,1889
109,1857
107,1881
106,1854
107,1889
109,1875
107,1893
106,1896
105,1856
107,1870
108,1892
105,1866
108,1854
109,1864
106,1892
108,1857
108,1862
109,1870
109,1874
106,1878
109,1855
107,1855
107,1882
105,1898
108,1895
108,1850
109,1896
106,1881
107,1866
109,1880
105,1855
107,1862
107,1877
109,1883
105,1862
105,1878
105,1863
109,1866
108,1851
108,1882
105,1881
109,1863
108,1863
108,1884
105,1882
105,1868
108,1868
109,1881
109,1895
105,1895
106,1886
105,1853
109,1889
109,1853
105,1892
105,1877
109,1885
105,1887
108,1877
105,1894
105,1865
106,1861
107,1884
105,1858
108,1879
109,1884
107,1867
106,1883
105,1876
105,1888
107,1859
107,1892
108,1883
108,1889
107,1883
107,1887
109,1854
109,1871
106,1877
106,1852
108,1872
107,1857
105,1880
105,1852
107,1885
109,1894
107,1872
108,1866
105,1872
109,1862
108,1874
107,1864
106,1894
107,1888
107,1880
105,1893
105,1897
109,1878
106,1887
107,1890
106,1850
110,1967
110,1962
111,1933
112,1928
113,1996
112,1913
113,1987
114,1956
110,1971
111,1985
111,1914
110,1956
114,1989
114,1923
114,1988
112,1935
110,1968
111,1968
111,1928
111,1990
113,1967
112,1929
114,1945
114,1999
112,1945
110,1992
111,1982
110,1948
110,1906
112,1950
112,1982
113,1974
111,1981
113,1945
111,1925
112,1985
110,1929
114,1931
113,1961
111,1905
112,1921
112,1941
113,1982
111,1919
110,1901
114,1993
113,1915
113,1944
111,1969
113,1926
113,1962
114,1987
113,1999
111,1938
112,1909
111,1996
112,1914
114,1995
112,1900
114,1915
113,1932
112,1974
110,1975
111,1960
113,1931
114,1996
114,1986
111,1956
114,1907
113,1953
113,1994
113,1965
112,1995
112,1979
111,1922
111,1957
111,1965
112,1977
111,1931
110,1900
112,1910
110,1911
113,1949
113,1904
111,1912
113,1939
110,1965
114,1965
112,1962
111,1929
114,1934
110,1978
112,1983
110,1949
112,1908
110,1905
110,1999
110,1951
110,1955
111,1970
114,1997
110,1937
114,1947
110,1912
113,1930
110,1986
113,1918
110,1983
113,1906
112,1990
113,1993
110,1934
112,1964
113,1941
113,1998
111,1926
114,1972
113,1922
111,1913
110,1910
113,1912
112,1954
114,1913
111,1988
112,1969
111,1955
112,1943
113,1919
110,1957
113,1933
110,1903
114,1980
111,1971
114,1929
110,1981
112,1925
114,1932
111,1951
112,1932
110,1943
111,1917
114,1925
114,1979
111,1927
114,1900
110,1959
110,1917
113,1964
110,1979
111,1973
112,1903
111,1945
111,1962
113,1989
111,1975
112,1920
111,1972
110,1945
113,1972
111,1974
114,1963
110,1966
112,1937
114,1917
114,1902
113,1935
113,1937
113,1959
114,1973
111,1947
110,1926
113,1916
114,1922
112,1949
113,1938
112,1956
111,1948
110,1920
112,1933
114,1961
111,1902
113,1942
112,1998
110,1961
114,1911
114,1912
114,1942
112,1951
112,1994
111,1900
111,1909
114,1955
110,1990
113,1902
113,1976
110,1922
110,1936
111,1907
111,1940
112,1916
113,1911
110,1958
114,1966
112,1948
112,1939
112,1938
111,1949
110,1991
114,1998
112,1919
111,1910
111,1935
114,1926
113,1946
110,1933
111,1984
113,1975
112,1957
114,1984
111,1908
112,1958
112,1978
113,1908
114,1909
114,1949
111,1906
110,1930
111,1983
111,1932
110,1953
110,1919
111,1934
110,1995
114,1954
111,1944
114,1920
111,1918
112,1912
113,1984
110,1925
111,1961
110,1915
113,1971
114,1919
111,1921
111,1950
110,1984
114,1940
112,1953
112,1926
112,1975
111,1979
114,1974
114,1918
113,1914
110,1993
113,1958
111,1959
114,1937
111,1986
111,1995
114,1959
112,1944
112,1999
111,1993
113,1957
110,1924
113,1903
111,1903
114,1967
111,1999
110,1950
111,1976
111,1991
113,1940
113,1943
114,1921
111,1939
117,1906
118,2106
117,1166
115,1248
115,2087
118,2166
119,1504
116,1958
117,1177
117,1348
118,1235
118,1318
119,1886
118,1881
115,1460
119,2108
116,1344
116,1443
115,1991
116,1290
117,1833
117,2112
117,1532
117,1924
117,1199
115,1213
119,1765
118,1830
118,2016
116,2044
116,1858
119,1558
117,1781
118,1751
118,1122
115,1223
119,1182
115,1269
115,2101
117,2008
116,1352
119,1126
117,2016
119,2138
117,1931
117,2053
119,1999
115,1653
115,1968
117,2175
118,1732
118,1554
117,1805
115,1554
116,2039
119,1900
118,1645
116,1542
116,1534
119,1320
115,1341
116,2086
118,1172
119,1830
119,1333
117,1135
116,1517
117,1355
115,1521
118,1510
117,1267
116,2108
115,1350
118,2193
115,1278
119,1548
119,2160
117,1468
117,2179
118,1280
119,2078
118,1314
118,1931
118,2189
115,1535
118,1193
118,1786
116,1833
116,1972
117,1602
116,2113
116,2097
119,1789
117,2121
116,1703
116,2147
115,1394
119,1163
116,2017
116,1118
116,1876
119,2144
118,1300
117,1655
115,1231
116,1647
116,1975
118,2011
115,1684
115,1273
117,2171
116,1429
119,1676
116,1191
119,1609
116,1789
119,1257
119,1884
118,1912
115,1537
118,2168
115,1363
115,1136
118,1194
115,1183
119,1305
118,1954
115,2198
116,1844
119,1717
116,2038
116,1929
119,1683
117,2153
116,1281
115,1602
116,1931
118,1218
115,1272
115,1294
118,2180
117,1117
115,1840
119,1733
115,1486
115,1514
117,1406
117,2129
118,2075
115,1644
115,1695
119,1704
117,1558
116,2179
119,1399
118,1381
115,1117
118,1982
116,1701
115,1265
116,1586
115,1577
115,1200
115,1178
119,1723
119,1917
119,1616
118,1747
118,1199
116,1455
115,1756
118,1850
118,1924
118,1301
115,2059
115,1740
116,1160
118,1634
119,1360
116,2063
118,1896
116,2072
115,2076
117,1822
119,1367
119,1614
117,1528
118,1466
115,1337
116,1280
118,1804
119,1597
118,1303
118,2143
116,1524
119,1507
118,2167
116,2026
118,1357
117,1700
116,1459
118,1315
117,1734
116,1492
117,1294
117,1369
116,1423
119,1832
116,1861
119,2058
118,1667
119,1489
119,1295
115,1436
115,1647
116,1714
116,1817
117,1823
116,1702
119,1634
118,2121
115,1277
117,1275
119,2056
117,2009
117,1153
116,1655
119,2020
119,1317
115,2114
116,1865
119,1203
117,1624
117,1115
119,2087
117,2069
116,1722
116,1776
116,1195
117,1732
117,1938
116,2016
119,1799
116,2189
118,2146
118,1275
115,1896
115,1821
118,1306
117,1285
117,1137
118,2092
119,1166
117,1132
119,2149
118,1824
115,1856
117,1204
117,1972
119,2117
118,1632
115,1476
117,1753
117,1930
118,2037
118,1574
117,2089
116,1616
117,2047
117,1476
118,2148
115,1571
117,1165
115,1973
118,1570
116,1207
117,1575
117,1147
118,1770
115,2121
116,1282
118,1527
119,1748
116,1231
116,2031
118,1981
116,1404
118,2019
115,1539
119,1931
115,1939
119,1844
115,1921
119,2037
117,1803
116,1957
119,1142
115,1601
115,1169
119,1926
118,1323
119,1536
116,1660
117,1373
117,1427
115,1328
119,1405
117,1798
115,1829
117,1996
115,1306
119,2173
117,1240
119,2046
119,2136
119,1413
116,1681
116,1159
117,1949
115,1356
116,1762
117,1757
119,1865
119,1682
117,1794
118,1134
115,1156
116,1918
117,1835
117,1591
117,1176
115,1938
116,1346
118,1760
118,1249
118,1717
117,1218
116,1832
117,2048
119,2070
115,1696
115,1259
119,1773
117,1875
116,1477
117,2001
116,1435
116,1608
119,1434
116,1398
119,1913
119,1359
115,1855
118,1337
117,1370
119,1991
116,1161
117,1423
115,1923
118,1104
117,1312
115,1770
118,1517
118,1123
117,1738
115,1310
119,1188
115,2173
115,1669
118,1725
118,1885
117,1365
116,1184
118,1573
118,2083
117,1715
